qid,brand,entity,search_mom,search_yoy,news_mom,news_yoy,status
Q147662,Zara,Fashion brand,-7%,-7%,+50%,+350%,ok
Q178516,Gucci,Fashion brand,-8%,-6%,+700%,>5000% (breakout),ok
Q26070,Uniqlo,Fashion brand,-4%,+20%,+250%,>5000% (breakout),ok
Q483915,Nike,Footwear company,0%,-10%,+160%,+450%,ok
Q191485,Louis Vuitton,Fashion company,+1%,-10%,no-data,no-data,partial
Q188326,H&M,Fashion brand,-10%,-20%,,,ok
Q843887,Hermès,Fashion brand,+10%,+20%,,,ok
Q491627,Hugo Boss,Fashion company,-6%,-50%,,,ok
Q107377209,Shein,Clothing retail company,-2%,+140%,,,ok
Q332477,Victoria's Secret,Lingerie company,+3%,-1%,,,ok
Q193136,Prada,Fashion brand,+3%,-6%,,,ok
Q696376,Versace,Fashion company,+3%,-10%,,,ok
Q611115,Swarovski,Fashion brand,+4%,+6%,,,ok
Q742988,New Balance,Footwear company,+3%,-10%,,,ok
Q127962,Levi Strauss & Co.,Clothing company,+3%,+4%,,,ok
Q309031,Lacoste,Fashion company,+4%,-9%,,,ok
Q420953,Air Jordan,Product line,+2%,-20%,,,ok
Q635484,Giorgio Armani,Fashion brand,+2%,-3%,,,ok
Q214480,Dolce & Gabbana,Fashion brand,-4%,-10%,,,ok
Q6702957,Lululemon Athletica,Apparel company,-10%,-20%,,,ok
Q137023,Primark,Retail company,+9%,+7%,,,ok
Q152784,"The North Face, Inc.",Clothing company,+8%,+20%,,,ok
Q43452713,On AG,Sportswear company,+8%,+20%,,,ok
Q2031485,Under Armour,Fashion brand,+9%,-5%,,,ok
Q1068628,Calvin Klein,Fashion brand,-3%,-10%,,,ok
Q1066858,Tiffany & Co.,Jewelry stores company,+20%,+3%,,,ok
Q482539,"Fila, Inc.",Sportswear company,+1%,+160%,,,ok
Q2282172,Yves Saint Laurent,Fashion house,+1%,+1%,,,ok
Q688082,Bata Limited,Footwear retail company,+5%,-9%,,,ok
Q390107,Burberry,Fashion brand,+2%,+9%,,,ok
Q5113774,Chrome Hearts,Luxury goods company,+9%,-10%,,,ok
Q752515,Bulgari,Jewellery company,+10%,-10%,,,ok
Q1660552,"Patagonia, Inc.",Clothing company,+1%,+250%,,,ok
Q701338,C&A,Company,-1%,-7%,,,ok
Q1641437,Ralph Lauren Corporation,American fashion designer,+40%,-20%,,,ok
Q2945643,Skechers,Footwear manufacturing company,+3%,+50%,,,ok
Q1126126,Dr. Martens,Footwear company,+5%,-20%,,,ok
Q1659229,Supreme,Brand,+100%,+10%,,,ok
Q926575,Fendi,Fashion brand,-1%,-8%,,,ok
Q319344,Abercrombie & Fitch,Retail company,+20%,+20%,,,ok
Q1686544,Loro Piana,Luxury goods company,+50%,+400%,,,ok
Q735873,Kappa,Clothing company,-10%,-20%,,,ok
Q817139,Benetton Group,Clothing company,0%,-20%,,,ok
Q1726925,Maison Margiela,Fashion brand,+9%,+3%,,,ok
Q759210,Givenchy,Fashion company,+1%,-8%,,,ok
Q950042,Stone Island,Company,-20%,+70%,,,ok
Q552230,Miu Miu,Topic (brand),-4%,-20%,,,ok
Q966905,Loewe,Fashion company,0%,-10%,,,ok
Q136570,Zalando,Online shopping company,-5%,-10%,,,ok
Q1135366,Vans,Apparel company,+9%,-2%,,,ok
Q1156731,Mizuno Corporation,Sports equipment company,0%,-7%,,,ok
Q1115170,Comme des Garçons,Fashion brand,+4%,-9%,,,ok
Q788231,Massimo Dutti,Clothing retail company,+30%,+1%,,,ok
Q648458,Birkenstock,Manufacturing company,-30%,+800%,,,ok
Q2470307,Guess,Clothing company,0%,+120%,,,ok
Q894874,Bottega Veneta,Fashion company,-3%,-2%,,,ok
Q1548951,Moncler,Company,+20%,-6%,,,ok
Q827258,Bershka,Clothing retail company,+1%,+10%,,,ok
Q136503,Mango,Outlet store company,-10%,+1%,,,ok
Q158285,Diesel,Fashion brand,-2%,+5%,,,ok
Q634881,Tommy Hilfiger B.V.,Fashion brand,-3%,-10%,,,ok
Q142691,Montblanc International GmbH,Luxury goods company,+30%,+130%,,,ok
Q2842931,American Eagle Outfitters,Clothing company,+3%,-50%,,,ok
Q1130409,Vertu,Mobile telecommunication company,+8%,-10%,,,ok
Q7629175,"Stüssy, Inc.",Department store company,+10%,+500%,,,ok
Q649646,Valentino,Fashion company,+7%,-10%,,,ok
Q948531,Celine,Brand,-5%,-20%,,,ok
Q174310,Nordstrom,Department store chain,-10%,-4%,,,ok
Q1439645,Macron,Sportswear company,-4%,+30%,,,ok
Q532310,Hummel International,Sportswear company,+10%,-10%,,,ok
Q25387414,Brandy Melville,Company,+650%,+4400%,,,ok
Q1684445,Superdry & Co,Company,-2%,+4%,,,ok
Q123700068,Alo Yoga,Apparel company,+30%,+40%,,,ok
Q1539185,The Timberland Company,Footwear manufacturing company,+10%,+80%,,,ok
Q2003244,Thor Steinar,Topic (brand),+20%,+30%,,,ok
Q691029,Pull&Bear,Clothing retail company,-5%,-10%,,,ok
Q16908664,Hoka,Sportswear company,-50%,-80%,,,ok
Q1075391,Chloé,Clothing company,-6%,-10%,,,ok
Q378698,Jaeger-LeCoultre,Company,+10%,+40%,,,ok
Q3205965,LC Waikiki,Clothing retail company,-20%,-30%,,,ok
Q1060537,Forever 21,Fashion brand,-10%,-40%,,,ok
Q1257477,Hollister Co.,Retail company,-70%,-80%,,,ok
Q1445358,Wrangler,Jeans company,+10%,+5%,,,ok
Q53472173,Off-White,Company,+1%,0%,,,ok
Q56246099,Gymshark,Company,-8%,+40%,,,ok
Q1355904,Zegna,Fashion company,-3%,-70%,,,ok
Q631894,HEAD,Sports equipment company,-30%,-30%,,,ok
Q806085,Banana Republic,Fashion brand,-1%,+9%,,,ok
Q11815580,Pepco,Discount store chain,+10%,+20%,,,ok
Q3410623,Puig,Company,-4%,+7%,,,ok
Q1385309,Balmain,Fashion company,-5%,-1%,,,ok
Q6108019,JD Sports,Retail company,+1%,+7%,,,ok
Q1200698,Le Bon Marché,Department store,-20%,-60%,,,ok
Q463378,American Apparel Inc.,Clothing retail company,-10%,-50%,,,ok
Q659863,Moschino,Fashion brand,+3%,-10%,,,ok
Q1422481,Fjällräven,Clothing company,+130%,-20%,,,ok
Q706421,New Yorker,Clothing retail company,-3%,0%,,,ok
Q24908552,100 Thieves,Company,-30%,-7%,,,ok
Q938773,DKNY,Fashion company,-3%,+30%,,,ok
Q13882231,Alexander McQueen,Fashion design company,0%,-20%,,,ok
Q23823668,TK Maxx,Clothing retail company,+20%,+20%,,,ok
Q63335,Foot Locker,Retail company,+10%,-2%,,,ok
Q1151774,Max Mara,Fashion company,+20%,+20%,,,ok
Q182399,J. Barbour and Sons,Outerwear company,+6%,-30%,,,ok
Q110778161,SKIMS,Clothing company,-7%,+30%,,,ok
Q5512642,GU,Retail company,-10%,-9%,,,ok
Q2855977,Slazenger,Sports equipment company,-30%,>5000 (breakout),,,ok
Q2735242,Old Navy,Clothing retail company,+9%,+160%,,,ok
Q670764,Brooks Sports,Sports equipment company,+7%,+40%,,,ok
Q743497,Neiman Marcus,Department store chain,-6%,-30%,,,ok
Q1132272,PVH Corp.,Clothing company,-10%,-20%,,,ok
Q114913,Dickies,Apparel company,+20%,+50%,,,ok
Q1341990,Strauss,Workwear company,-6%,+750%,,,ok
Q1280255,ECCO,Company,-10%,-1%,,,ok
Q2782017,Napapijri,Fashion company,>5000 (breakout),+30%,,,ok
Q246655,Next plc,Clothing company,+3%,+1%,,,ok
Q3946053,Salvatore Ferragamo,Fashion company,-3%,+7%,,,ok
Q1095857,C. & J. Clark International Ltd,Footwear retail company,+3%,-3%,,,ok
Q604667,Emilio Pucci,Topic (brand),-20%,+300%,,,ok
Q29015034,JW Anderson,JW Anderson - Fashion label,-10%,-30%,,,ok
Q25351941,The Row,The Row - Fashion brand,0%,0%,,,ok
Q849724,Brioni,Brioni - Menswear company,-6%,+8%,,,ok
Q844805,Dillard's,Dillard's - Department store chain,+7%,-9%,,,ok
Q842174,"Eddie Bauer Holdings, Inc.",Eddie Bauer - Clothing company,+100%,+160%,,,ok
Q866899,Lanvin,Lanvin - Company,+3%,+1%,,,ok
Q147505,Zappos,Zappos - Online retail company,+60%,+40%,,,ok
Q2072372,streetwear,Streetwear - Topic,-7%,-20%,,,ok
Q4038967,Fred Perry,Fred Perry - Fashion accessory company,+2%,>5000 (breakout),,,ok
Q18712957,Farfetch,Farfetch - Company,+20%,+20%,,,ok
Q22101752,Adidas Yeezy,Adidas Yeezy - Shoes,+10%,-50%,,,ok
Q6131944,L.L.Bean,L.L.Bean - Retail company,0%,+3%,,,ok
Q3327046,OYSHO,Oysho - Chain,+60%,+20%,,,ok
Q588001,Geox,Geox - Shoe manufacturing company,-1%,+80%,,,ok
Q1027874,Oniverse,Oniverse - Retail company,-30%,-5%,,,ok
Q658961,Piaget,Piaget SA - Manufacturing company,-10%,-20%,,,ok
Q593680,Borsalino,Borsalino - Fashion company,>5000 (breakout),0%,,,ok
Q2736351,Agatha Ruiz de la Prada,Agatha Ruiz de la Prada - Spanish fashion designer,-8%,-30%,,,ok
Q664543,Deichmann SE,Deichmann SE - Company,+10%,+3%,,,ok
Q1361595,Errea,Errea - Sports equipment company,+60%,-20%,,,ok
Q3322945,Stradivarius,Stradivarius - Clothing retail company,-2%,-5%,,,ok
Q83750,Desigual,Desigual - Fashion company,+50%,+250%,,,ok
Q5213855,Jimmy Choo Ltd,Jimmy Choo - Fashion house,-60%,-4%,,,ok
Q1400977,Missoni,Missoni - Fashion company,-30%,+50%,,,ok
Q2456630,Trussardi,Trussardi - Company,-20%,-7%,,,ok
Q2263500,Ellesse,Ellesse - Company,+6%,+1050%,,,ok
Q429204,C.P. Company,C.P. Company - Company,+200%,+170%,,,ok
Q60772401,COS,COS - Fashion brand,+4%,-7%,,,ok
Q6077665,Jack & Jones,Jack & Jones - Topic (wordmark),-7%,-10%,,,ok
Q105476592,Tom Ford,Tom Ford - Fashion brand,-1%,-10%,,,ok
Q29109956,Vetements,Vetements - Fashion company,+10%,-80%,,,ok
Q4115012,Giordano,Giordano International - Retail company,+3%,+5%,,,ok
Q1921997,Merrell,Merrell - Footwear company,+2%,+80%,,,ok
Q6981479,Nautica,Nautica - Apparel company,0%,-10%,,,ok
Q3128675,Havaianas,Havaianas - Topic (wordmark),-20%,+40%,,,ok
Q3645582,Brunello Cucinelli,Brunello Cucinelli - Brand,-6%,+4%,,,ok
Q821969,Berluti,Berluti - Topic (wordmark),-10%,-9%,,,ok
Q5370765,J.Crew,J.Crew - Specialty retail company,+7%,-10%,,,ok
Q4791147,Aritzia,Aritzia - Clothing retail company,+9%,-3%,,,ok
Q883965,KiK,KiK - Discount store chain,+20%,+9%,,,ok
Q3192653,Kangol,Kangol - Clothing company,+110%,+3800%,,,ok
Q211951,ASOS,ASOS - Fashion company,-2%,+20%,,,ok
Q3196299,Kiabi,Kiabi - Topic (wordmark),+5%,+10%,,,ok
Q571206,Tom Tailor,Tom Tailor - Company,-2%,-50%,,,ok
Q28224724,Golden Goose,Golden Goose - Fashion company,+10%,-10%,,,ok
Q1360940,Orbea,Orbea - Corporation,-20%,>5000 (breakout),,,ok
Q3197595,Kiton,Kiton - Fashion company,-60%,+1150%,,,ok
Q1784995,Alfred Dunhill,Alfred Dunhill - Company,+10%,+1%,,,ok
Q1568588,Juicy Couture,Juicy Couture - Dress company,+30%,-60%,,,ok
Q1056200,Cerruti 1881,Cerruti - Fashion brand,+50%,-3%,,,ok
Q1893576,Topshop,Topshop - Online retail company,-10%,-60%,,,ok
Q121878733,Vuori,Vuori - Clothing company,+10%,+30%,,,ok
Q65090803,Fashion Nova,Fashion Nova - Retail company,+1%,+4500%,,,ok
Q600986,Escada SE,Escada - Clothing retail company,+20%,+1800%,,,ok
Q265056,s.Oliver,s.Oliver - Company,-9%,-10%,,,ok
Q305404,Intimissimi,Intimissimi - Topic (wordmark),-10%,+10%,,,ok
Q21809354,Reserved,Reserved - Topic (wordmark),-3%,+4%,,,ok
Q7131643,Pantaloons,Pantaloons - Topic (wordmark),-10%,+20%,,,ok
Q924963,Charles Tyrwhitt,Charles Tyrwhitt - Clothing business company,-20%,+20%,,,ok
Q835487,MCM Worldwide,MCM Worldwide - Topic (wordmark),-10%,-20%,,,ok
Q2749082,Lord & Taylor,Lord & Taylor - Online store company,-20%,+20%,,,ok
Q1281935,Ecko Unltd.,Ecko Unltd. - Topic (wordmark),+20%,>5000 (breakout),,,ok
Q125784200,Corteiz,Corteiz - Topic (brand),-9%,-80%,,,ok
Q1439858,Nina Ricci,Nina Ricci - Fashion company,-6%,+50%,,,ok
Q688195,Bally,Bally - Fashion house,-3%,+10%,,,ok
Q1422386,K-Swiss,K-Swiss - Shoe manufacturing company,-3%,-10%,,,ok
Q1355658,Karl Kani,Karl Kani - Topic (wordmark),+5%,-40%,,,ok
Q2832297,ALDO,Aldo - Retail company,-4%,+130%,,,ok
Q1484081,G-Star Raw,G-Star RAW - Company,+6%,-10%,,,ok
Q278948,Aquascutum,Aquascutum - Clothing company,+600%,+60%,,,ok
Q2820820,K-way,K-Way - Textile industry company,-60%,-70%,,,ok
Q2707765,Viktor & Rolf,Viktor&Rolf - Topic (wordmark),-4%,-10%,,,ok
Q2672003,Celio,Celio - Clothing retail company,-30%,-10%,,,ok
Q25222241,'47,'47 - Brand,0%,-9%,,,ok
Q7193265,Rocawear,Rocawear - Topic (wordmark),-3%,-20%,,,ok
Q4876226,Beams,Beams - Clothing company,-60%,-30%,,,ok
Q16992933,Fabletics,Fabletics - Sportswear company,+40%,-30%,,,ok
Q917561,Kitsune,Maison Kitsune - Topic (brand),-20%,-30%,,,ok
Q1320295,Marithe + Francois Girbaud,Marithe et Francois Girbaud - Fashion company,+20%,+20%,,,ok
Q1371677,Etro,Etro - Accessories retail company,+2%,+20%,,,ok
Q3073195,Furla,Furla - Company,-60%,+30%,,,ok
Q934096,Red Wing Shoes,Red Wing Shoes - Design company,-20%,-70%,,,ok
Q107835110,House of Schiaparelli,Maison Schiaparelli - Fashion company,-30%,+70%,,,ok
Q2988422,Canada Goose Inc.,Canada Goose Inc. - Clothing company,+180%,-60%,,,ok
Q3274777,Evisu,Evisu - Clothing company,-4%,-20%,,,ok
Q4728473,AllSaints,AllSaints - Fashion (wordmark),+20%,+80%,,,ok
Q25047966,Golf Wang,Golf Wang - Company,-8%,-60%,,,ok
Q22910099,OBEY Clothing,Obey - Clothing company,+1%,-40%,,,ok
Q4902942,Biba,Biba - Fashion company,>5000 (breakout),-30%,,,ok
Q2456205,True Religion,True Religion Apparel - Clothing company,+20%,-30%,,,ok
Q6276279,"Jordache Enterprises, Inc.",Jordache - Clothing company,+750%,+30%,,,ok
Q17019662,Dr. Scholl's,Dr. Scholl's - Topic,+4%,-10%,,,ok
Q1030922,Camper,Camper - Shoe manufacturing company,+20%,+250%,,,ok
Q3269443,Lyle & Scott,Lyle & Scott - Topic (wordmark),-8%,-10%,,,ok
Q1417347,OshKosh B'Gosh,OshKosh B'gosh - Company,-2%,-9%,,,ok
Q927272,NKD,NKD - Discount store chain,-2%,+20%,,,ok
Q3878818,Charles & Keith,CHARLES & KEITH - Company,+70%,+120%,,,ok
Q25052459,Psycho Bunny,Psycho Bunny - Topic,+8%,-20%,,,ok
Q576316,Cacharel,Cacharel - Topic,-10%,-10%,,,ok
Q7366633,Roots Canada,Roots Canada - Retail company,+20%,-10%,,,ok
Q7156755,Payless ShoeSource,Payless - Shoes company,+9%,+6%,,,ok
Q457822,Fielmann,Fielmann AG - Eyewear company,+10%,+60%,,,ok
Q11188787,ABC-Mart,ABC-Mart - Retail company,-5%,-20%,,,ok
Q2670328,River Island,River Island - Retail company,-10%,-20%,,,ok
Q1837290,Mexx,Mexx - Topic,+100%,+80%,,,ok
Q430230,Coleman Company,Coleman - Manufacturing company,-10%,+10%,,,ok
Q39058850,Enfants Riches Déprimés,Enfants Riches Déprimés - Fashion brand,+6%,+40%,,,ok
Q3212802,La Senza,La Senza - Retail company,-20%,-30%,,,ok
Q50540636,Camp David,Camp David - Fashion,-10%,-20%,,,ok
Q534235,Jockey International,Jockey International - Retail company,0%,+160%,,,ok
Q1892752,Marc O'Polo,Marc O'Polo - Topic,-2%,-10%,,,ok
Q96791543,Yeezy,Yeezy - Company,-8%,-30%,,,ok
Q2152193,Rieker Shoes,Rieker Shoes - Footwear retail,0%,+250%,,,ok
Q7909026,Vakko,Vakko - Company,-20%,-9%,,,ok
Q2719846,Billionaire Boys Club,Billionaire Boys Club - Clothing retailer,+60%,-4%,,,ok
Q2979949,Club Monaco,Club Monaco - Clothing retail company,+40%,+400%,,,ok
Q1384784,Express,Express - Retail company,-1%,+80%,,,ok
Q6792377,Maui Jim,Maui Jim - Manufacturing company,-30%,-30%,,,ok
Q3073822,Superga,Superga - Topic,-20%,-10%,,,ok
Q4139985,Gloria Jeans,Gloria Jeans - Clothing retail company,+60%,+10%,,,ok
Q113992257,Cotton On Group,Cotton On - Topic,+10%,+10%,,,ok
Q17191383,Adastria,Adastria Co. - Retail company,-10%,-50%,,,ok
Q7121857,PacSun,PacSun - Retail company,+100%,-30%,,,ok
Q4828498,Avia,Avia - Activewear company,+3%,-20%,,,ok
Q20716793,Pink,Victoria's Secret PINK,+30%,0%,,,ok
Q1427623,Haglöfs,Haglöfs - Clothing company,+20%,+3500%,,,ok
Q1629990,CoverGirl,CoverGirl - Topic,-3%,-5%,,,ok
Q17141914,Scotch & Soda,Scotch & Soda - Design company,-20%,-20%,,,ok
Q43082416,Aimé Leon Dore,Aimé Leon Dore - Topic,-10%,>5000 (breakout),,,ok
Q1902277,Marmot,Marmot - Topic,-6%,-4%,,,ok
Q104846139,Savage X Fenty,Savage X Fenty - Company,-50%,-60%,,,ok
Q10853153,United Arrows,United Arrows Ltd. - Retail-store company,-30%,+4%,,,ok
Q950766,Safilo,Safilo S.p.A. - Company,-8%,-20%,,,ok
Q5715308,Henri Bendel,Henri Bendel - Department store company,+250%,-40%,,,ok
Q2967663,Church's,Church's - Company,-1%,+50%,,,ok
Q30589369,LuLaRoe,LuLaRoe - Fashion company,-10%,-5%,,,ok
Q22921009,Pierre Cardin,Pierre Cardin - Fashion company,+4%,+7%,,,ok
Q17149142,Suitsupply,Suitsupply - Suit company,0%,-6%,,,ok
Q4773903,Anthropologie,Anthropologie - Retail company,+200%,+150%,,,ok
Q3650853,Marni,Marni - Fashion company,-20%,-20%,,,ok
Q651470,etnies,Etnies - Footwear company,+6%,+5%,,,ok
Q3328552,Uterqüe,Uterqüe - Topic,+30%,-70%,,,ok
Q5915543,House of Worth,House of Worth - Fashion company,>5000 (breakout),-90%,,,ok
Q7107393,Osprey,Osprey - Manufacturing company,-10%,-70%,,,ok
Q3317844,Modell's,Modell's Sporting Goods - Online retail company,+30%,+90%,,,ok
Q2039867,Theory,Theory - Clothes company,+9%,-30%,,,ok
Q911217,Breuninger,Breuninger - Company,-7%,-9%,,,ok
Q1136426,Hackett,Hackett London - Clothing company,-30%,-40%,,,ok
Q1703526,JOOP!,JOOP! - Cosmetics company,-70%,>5000 (breakout),,,ok
Q1634723,Elan,Elan Skis - Topic,0%,-10%,,,ok
Q42332202,Bombas,Bombas - Topic,+2%,+20%,,,ok
Q17080812,Members Only,Members Only - Fashion brand,-20%,-40%,,,ok
Q1089081,Fiorucci,Fiorucci - Topic (wordmark),-20%,-30%,,,ok
Q7932495,Vineyard Vines,Vineyard Vines - Company,+30%,+250%,,,ok
Q5203233,D-A-S-H,,,,,,no-data
Q24939079,Max Fashion,Max Fashion - Topic (wordmark),-7%,+50%,,,ok
Q7408750,Samantha Thavasa,,,,,,no-data
Q18155981,Delvaux,Delvaux - Luxury goods company,+10%,-40%,,,ok
Q641722,John Lobb Bootmaker,John Lobb Bootmaker - Footwear company,-9%,+2%,,,ok
Q6925414,Mountain Warehouse,Mountain Warehouse - Retail,0%,-30%,,,ok
Q1028975,Jacques Fath,Jacques Fath - French fashion designer,>5000 (breakout),>5000 (breakout),,,ok
Q4838385,Baby Phat,Baby Phat - Fashion brand,+10%,+70%,,,ok
Q2551058,DSQUARED2,Dsquared2 - Company,-10%,-20%,,,ok
Q546542,A.P.C.,A.P.C. - Fashion brand,-20%,+7%,,,ok
Q4682711,Adidas Originals,Adidas Originals - Product line,-1%,+5%,,,ok
Q23672312,Herschel Supply Co.,Herschel Supply Co. - Company,-10%,-7%,,,ok
Q3160437,Jaeger,Jaeger - Fashion company,+2%,+30%,,,ok
Q21463374,Nordstrom Rack,Nordstrom Rack - Department store chain,+6%,-8%,,,ok
Q551889,Reusch,Reusch International - Sports equipment company,+50%,>5000 (breakout),,,ok
Q19988222,Tory Burch LLC,Tory Burch - Fashion brand,+2%,+20%,,,ok
Q3835099,Liu·Jo,Liu Jo - Fashion company,+40%,+40%,,,ok
Q107410579,Sinsay,Sinsay - Topic (wordmark),+8%,-1%,,,ok
Q7679064,Talbots,Talbots - Women's clothing store company,-5%,-9%,,,ok
Q1736294,Kathmandu,KMD Brands (Kathmandu) - Retail company,+9%,+110%,,,ok
Q958209,Springfield,Springfield - Topic (wordmark),-30%,-20%,,,ok
Q6063877,Koton,Koton - Clothing company,-7%,-9%,,,ok
Q55641424,Peter Millar (clothing company),Peter Millar - Clothing company,>5000 (breakout),+130%,,,ok
Q272361,Çalık Holding,Çalık Holding - Energy company,+550%,-7%,,,ok
Q3943471,Scarpa,Scarpa - Topic (wordmark),+1%,-4%,,,ok
Q4048384,Rockport Company,Rockport - Company,-5%,-20%,,,ok
Q1798938,La Martina,La Martina - Clothing company,+10%,-40%,,,ok
Q54817659,PrettyLittleThing,PrettyLittleThing - Fashion company,-5%,-20%,,,ok
Q3111039,MCS,MCS - Fashion brand,-10%,-5%,,,ok
Q18385610,Stitch Fix,Stitch Fix - Fashion company,0%,-20%,,,ok
Q172227,Playlife,Playlife - Fashion company,>5000 (breakout),>5000 (breakout),,,ok
Q107394262,Ami Paris,AMI Paris - Fashion company,+30%,+300%,,,ok
Q54869493,Bimba y Lola,Bimba y Lola - Topic (wordmark),-6%,-10%,,,ok
Q138318202,Syrn,,,,,,no-data
Q2896348,Blundstone Australia Pty Ltd,Blundstone - Topic (wordmark),+30%,0%,,,ok
Q6115814,Jack Wills,Jack Wills - Clothing company,-60%,-90%,,,ok
Q4112833,Caleres,Caleres - Footwear company,-9%,+100%,,,ok
Q8075252,Zumiez,Zumiez - Clothing accessories stores company,+4%,-10%,,,ok
Q6766373,Mark's,Mark's - Clothing retail company,+3%,-6%,,,ok
Q5476569,Fox-Wizel Ltd.,,,,,,no-data
Q6697865,Lucky Brand Jeans,Lucky Brand - Company,+40%,-20%,,,ok
Q873447,Gerry Weber,Gerry Weber - Company,+9%,-70%,,,ok
Q25351619,Aerie,Aerie - Clothing retailer,+20%,+2950%,,,ok
Q5204244,DAKS,DAKS - Company,+10%,+950%,,,ok
Q4120731,Andrew Christian,Andrew Christian - Company,+200%,-60%,,,ok
Q184399,Zeeman,Zeeman - Store,+3%,+10%,,,ok
Q136311,Sunglass Hut,Sunglass Hut - Company,-20%,-4%,,,ok
Q6523209,LensCrafters,LensCrafters - Retail,-3%,-10%,,,ok
Q12391713,Lefties,Lefties - Company,-70%,+50%,,,ok
Q3504397,Avirex,Avirex - Clothing company,-20%,-20%,,,ok
Q3783405,Harmont & Blaine,Harmont & Blaine - Topic (wordmark),-10%,-20%,,,ok
Q9294202,House,House - Topic (wordmark),0%,0%,,,ok
Q5000795,Burton,Burton - Retailer,0%,+300%,,,ok
Q3475516,Schott NYC,Schott NYC - Clothing company,+20%,-40%,,,ok
Q6485350,Lane Bryant,Lane Bryant - Specialty retail company,-3%,-10%,,,ok
Q12061509,Matalan,Matalan - Clothing retail company,-9%,-20%,,,ok
Q101108013,George,George - Topic (wordmark),0%,+1%,,,ok
Q2076935,Munich,Munich - Topic (footwear),+10%,-20%,,,ok
Q3974532,Storm Management,Storm Management - Modeling agency company,+1250%,+450%,,,ok
Q2567594,Wicked Weasel,Wicked Weasel - Topic (wordmark),-9%,-50%,,,ok
Q7444725,Sector No Limits,Sector No Limits - Company,-7%,-20%,,,ok
Q787601,Chevignon,Chevignon - Topic (bird logo),-3%,-10%,,,ok
Q5499945,Free People,Free People - Retail company,-20%,+5%,,,ok
Q3566715,Wati B,Wati B - Music company,+150%,+350%,,,ok
Q4970227,British Knights,British Knights - Topic (BK logo),-3%,-20%,,,ok
Q241295,Miss Sixty,Miss Sixty - Topic (wordmark),+4%,-7%,,,ok
Q1654538,Replay,Replay - Topic (wordmark),-3%,-10%,,,ok
Q131721678,Christian Dior Couture,Dior - Fashion company,-3%,-10%,,,ok
Q6106802,J. Press,J. Press - Company,+50%,-10%,,,ok
Q1758066,Pimkie,Pimkie - Topic (P logo),-30%,-20%,,,ok
Q5206207,Designer Brands,Designer Brands - Shoe stores chain,+9%,-9%,,,ok
Q129676852,Rabanne,Rabanne - Fashion company,+300%,+150%,,,ok
Q1786717,Lindex,Lindex - Chain,-10%,-2%,,,ok
Q11788344,CCC,CCC - Topic (shoes&bags logo),-20%,-20%,,,ok
Q65042966,R. M. Williams,R. M. Williams - Manufacturing company,-20%,-50%,,,ok
Q48797459,Zimmermann,Zimmermann - Fashion label,-20%,+4%,,,ok
Q7136948,Parfois,Parfois - Topic (wordmark),-9%,+30%,,,ok
Q3368657,Pataugas,Pataugas - Topic (wordmark),-10%,+5%,,,ok
Q7857512,Tween Brands,,,,,,no-data
Q103847272,Melon Fashion Group,,,,,,no-data
Q1578717,Rochas,Rochas - Fashion company,-30%,+6%,,,ok
Q3356778,J.Lindeberg,J.Lindeberg - Clothing company,-10%,+400%,,,ok
Q60755814,J. Peterman Company,J. Peterman - Topic (wordmark),+90%,-10%,,,ok
Q3574548,Zadig & Voltaire,Zadig & Voltaire - Fashion brand,+5%,-10%,,,ok
Q12063852,New Look,New Look - Retail chain company,0%,-70%,,,ok
Q1987861,WE,WE - Clothing retail company,-10%,+2%,,,ok
Q4176650,Tiger of Sweden,Tiger of Sweden - Clothing company,+80%,+70%,,,ok
Q7310479,Reiss,Reiss - Fashion company,-20%,+250%,,,ok
Q23893788,Ivy Park,Ivy Park - Topic (wordmark),-20%,-40%,,,ok
Q19573665,Peter England,Peter England - Topic (wordmark),-30%,-70%,,,ok
Q17101930,Jil Sander,Jil Sander - Topic (wordmark),-7%,-20%,,,ok
Q3516993,Tecnifibre,Tecnifibre - Sports equipment company,+450%,-100%,,,ok
Q1485347,Skagen Designs,Skagen Denmark - Company,-10%,+60%,,,ok
Q3905226,PINKO,Pinko - Fashion,-7%,+50%,,,ok
Q18577819,Blanc & Eclare,Blanc & Eclare - Topic (wordmark),+850%,+200%,,,ok
Q1371302,Takko Fashion,Takko - Chain,-4%,-4%,,,ok
Q7488518,Shanghai Tang,Shanghai Tang - Company,+50%,+90%,,,ok
Q1373540,Frederick's of Hollywood,Frederick's of Hollywood - Company,+9%,+110%,,,ok
Q138543842,Matières Fécales,Matières Fécales - Topic,0%,0%,,,ok
Q7747373,The Limited,The Limited - Clothing company,+40%,+150%,,,ok
Q42306166,Snipes,Snipes - Company,-3%,0%,,,ok
Q1783759,Kookai,Kookai - Topic (wordmark),+10%,+30%,,,ok
Q2475146,Ulla Popken,Ulla Popken - Clothing company,-10%,+200%,,,ok
Q3641225,Blufin,Blufin - Fashion company,>5000 (breakout),>5000 (breakout),,,ok
Q6756978,Marchesa,Marchesa - Brand,0%,-2%,,,ok
Q5709676,Helmut Lang,Helmut Lang - Fashion brand,-2%,-20%,,,ok
Q431607,Wolford,Wolford - Underwear company,-10%,-20%,,,ok
Q6371145,Kariyushi shirt,Kariyushi shirt - Topic (garment),-40%,-20%,,,ok
Q16834657,The Edinburgh Woollen Mill,Edinburgh Woollen Mill - Clothing retail company,-2%,-10%,,,ok
Q4035334,Bossini,Bossini - Company,+40%,-20%,,,ok
Q48770898,Buck Mason,Buck Mason - Clothing retail company,+10%,+20%,,,ok
Q270013,7 for all Mankind,7 for All Mankind - Jeans company,0%,-6%,,,ok
Q1523089,Laura Ashley plc,Laura Ashley Holdings - Fashion company,-20%,+3200%,,,ok
Q881017,Bogner,BOGNER - Company,+2%,+2600%,,,ok
Q5322052,E. Marinella,E. Marinella - Company,-30%,+10%,,,ok
Q4904902,Big 5 Sporting Goods,Big 5 Sporting Goods - Sporting goods company,0%,-20%,,,ok
Q4766699,Ann Taylor,Ann Taylor - Topic (wordmark),0%,-20%,,,ok
Q116783961,Palm Angels,Palm Angels - Topic (wordmark),-4%,-20%,,,ok
Q3866987,Mulberry,Mulberry Group plc - Fashion company,-9%,+9%,,,ok
Q4878313,Bebe Stores,Bebe Stores - Retail company,-6%,-40%,,,ok
Q877571,Blizzard Ski,Blizzard Sport - Company,+250%,+110%,,,ok
Q50428076,Rebecca Minkoff,Rebecca Minkoff - Clothing brand,+7%,-20%,,,ok
Q1049887,Castro Model Ltd.,,,,,,no-data
Q6204078,Jos. A. Bank Clothiers,Jos. A. Bank Clothiers - Retail company,+8%,-20%,,,ok
Q7937938,Vivobarefoot,Vivobarefoot - Company,-10%,-30%,,,ok
Q3661184,Ermanno Scervino,Ermanno Scervino - Design company,+20%,>5000 (breakout),,,ok
Q87193804,Scalpers,Scalpers - Topic (wordmark),-9%,-8%,,,ok
Q1130841,Proenza Schouler,Proenza Schouler - Fashion brand,-9%,-20%,,,ok
Q3472022,Sandro Paris,Sandro - Clothing brand,-10%,-1%,,,ok
Q6915425,Moscot,Moscot - Company,-30%,-40%,,,ok
Q5647849,Hang Ten,Hangten - Topic (wordmark),+6%,>5000 (breakout),,,ok
Q4942546,Bonobos,Bonobos - Store chain,-6%,-20%,,,ok
Q2234831,Schiesser,Schiesser - Company,+100%,+800%,,,ok
Q3889076,Pal Zileri,Pal Zileri - Topic (wordmark),+70%,+20%,,,ok
Q22662572,Nivia Sports,Nivia Sports - Sports equipment chain,>5000 (breakout),>5000 (breakout),,,ok
Q6545496,Lifestyle Stores,Lifestyle - Store chain,+10%,+20%,,,ok
Q4781133,Apple Bottoms,Apple Bottoms - Topic (brand),+10%,-50%,,,ok
Q420765,Akris,Akris - Fashion design company,+40%,+100%,,,ok
Q5521860,Garage,Garage - Topic (brand),+10%,-20%,,,ok
Q7282768,Rag & Bone,Rag & Bone - Topic (wordmark),+4%,-4%,,,ok
Q2436187,Nudie Jeans,Nudie Jeans - Clothing chain,+5%,+10%,,,ok
Q4936481,Boden,Boden - Clothing industry chain,+7%,+70%,,,ok
Q3645820,Bruno Magli,Bruno Magli - Design company,+700%,+30%,,,ok
Q62610375,Wellensteyn International GmbH & Co. KG,Wellensteyn - Topic (brand),+30%,-20%,,,ok
Q5437186,Fat Face,Fat Face - Company,+20%,-30%,,,ok
Q5512676,G2000,G2000 - Topic (wordmark),0%,-8%,,,ok
Q3779868,Guru,,,,,,no-data
Q4349016,KappAhl,Kappahl - Company,-10%,+120%,,,ok
Q11341902,Mikimoto,K. Mikimoto & Co. - Company,-40%,-60%,,,ok
Q3473599,Sarenza,Sarenza - Company,-30%,-30%,,,ok
Q1473396,Valentino Fashion Group,,,,,,no-data
Q93451035,Boggi Milano,Boggi - Topic (wordmark),-20%,+150%,,,ok
Q12331072,Paul & Shark,Paul & Shark - Clothing chain (company),-90%,>5000 (breakout),,,ok
Q18386374,K-Plus,,,,,,no-data
Q47155680,Kari,Kari - Topic (wordmark),-80%,>5000 (breakout),,,ok
Q7576421,Sperry Top-Sider,Sperry Top-Sider - Topic,-20%,-6%,,,ok
Q539507,Icebreaker,Icebreaker - Clothing chain (company),-10%,+40%,,,ok
Q11293025,OWNDAYS,"Owndays Co., Ltd. - Company",-7%,-20%,,,ok
Q1986392,Turnbull & Asser,Turnbull & Asser - Clothing chain (company),-3%,+3%,,,ok
Q2990868,Comptoir des Cotonniers,Comptoir des Cotonniers - Company,+10%,+1500%,,,ok
Q4947278,Bosideng,Bosideng - Clothing chain (company),-50%,+250%,,,ok
Q5962345,Hysteric glamour,Hysteric Glamour - Design company,+30%,-6%,,,ok
Q131445771,Rapha,Rapha - Company,+100%,0%,,,ok
Q5166857,Coogi,Coogi - Topic (wordmark),+4%,-20%,,,ok
Q48743138,Away,Away - Company (luggage),-10%,-10%,,,ok
Q16544736,Courreges,Courreges - Design company,+6%,0%,,,ok
Q5119055,Cia. Hering,Cia. Hering - Company,+3%,-10%,,,ok
Q3357081,Dressmann,Dressmann - Clothing chain (company),-5%,+60%,,,ok
Q3323911,Morellato Group,Morellato - Jewelry company,+400%,+250%,,,ok
Q3965055,Sorelle Fontana,Sorelle Fontana - Fashion design,>5000 (breakout),>5000 (breakout),,,ok
Q7071089,Nygard International,Nygard International - Clothing chain (company),-50%,>5000 (breakout),,,ok
Q19903561,Polygon Bikes,Polygon Bikes - Company,+7%,+50%,,,ok
Q3334188,NAF NAF,Naf Naf - Company,+700%,-100%,,,ok
Q3047175,Ed Hardy,Ed Hardy - Topic,-1%,-8%,,,ok
Q52391629,Stefano Ricci,Stefano Ricci - Company,>5000 (breakout),>5000 (breakout),,,ok
Q47545942,Quooker,Quooker - Topic,0%,+6%,,,ok
Q2096177,Globe International,Globe Shoes - Company,+20%,-60%,,,ok
Q264141,Sergio Rossi,Sergio Rossi - Company,>5000 (breakout),-60%,,,ok
Q5515554,Gabe's,Gabe's - Store chain (company),+3%,-10%,,,ok
Q4167754,Herve Leger,Herve Leger - Design company,+500%,>5000 (breakout),,,ok
Q1617132,Hi-Tec Sports,Hi-Tec - Sportswear chain (company),-80%,-70%,,,ok
Q1137991,Thomas Pink,Thomas Pink - Company,-40%,-50%,,,ok
Q4383376,Atticus Clothing,Atticus - Company,+8%,+1950%,,,ok
Q794565,Aeropostale,Aeropostale - Clothing company,-60%,-90%,,,ok
Q4983306,Buckle,Buckle - Store chain (company),+1%,-3%,,,ok
Q4793069,Armedangels,Armedangels - Company,-90%,-90%,,,ok
Q19841609,Lids,Lids - Retail (company),-6%,-20%,,,ok
Q1524904,Gina Tricot,Gina Tricot - Company,+160%,-10%,,,ok
Q1002252,Bugatti,,,,,,no-data
Q3047389,Eden Park,Eden Park - Company,-30%,-10%,,,ok
Q104842926,Ganni,Ganni - Topic (wordmark),>5000 (breakout),-80%,,,ok
Q22031750,Khaadi,Khaadi - Company,-70%,-100%,,,ok
Q21410966,Everlane,Everlane - Store chain (company),-4%,-100%,,,ok
Q2603072,Iceberg,Iceberg - Design company,>5000 (breakout),>5000 (breakout),,,ok
Q2338087,Stefanel,Stefanel - Company,-10%,0%,,,ok
Q48814393,SSENSE,SSENSE - Design company,-10%,-50%,,,ok
Q3476844,Sebago,Sebago - Company,-100%,>5000 (breakout),,,ok
Q7802889,Tillys,Tillys - Store chain (company),-2%,-10%,,,ok
Q6964738,Naot,Teva Naot Ltd. - Company,-2%,-20%,,,ok
Q3557747,Victorio & Lucchino,Victorio & Lucchino - Company,0%,-100%,,,ok
Q4886917,Bench,Bench Clothing - Company,-20%,+40%,,,ok
Q2998907,Country Road Group,Country Road - Store chain (company),+30%,n/a,,,ok
Q7827120,Torrid,Torrid - Design company,-20%,-60%,,,ok
Q11332062,Familiar,,,,,,no-data
Q10553200,Lager 157,Lager 157 Ab - Company,+30%,+6%,,,ok
Q108739951,Tailored Brands,Tailored Brands - Store chain (company),+400%,-10%,,,ok
Q3407429,Promod,Promod - Store chain (company),-70%,-90%,,,ok
Q6172434,Jeanswest,Jeanswest - Store chain (company),+10%,+180%,,,ok
Q618940,Apollo-Optik,Apollo-Optik - Company,-20%,-30%,,,ok
Q25110413,BALR.,BALR. - Topic (wordmark),-7%,-30%,,,ok
Q7012977,New York & Company,New York & Company - Store chain (company),-40%,-10%,,,ok
Q4840879,Badgley Mischka,Badgley Mischka - Design company,+250%,-30%,,,ok
Q3558391,Vilebrequin,Vilebrequin - Topic (wordmark),-20%,-10%,,,ok
Q6315705,TechStyle Fashion Group,,,,,,no-data
Q7899859,Urban Behavior,,,,,,no-data
Q5562449,Gilly Hicks,Gilly Hicks - Topic (wordmark),-4%,-40%,,,ok
Q5171196,Corneliani,Corneliani - Company,>5000 (breakout),+450%,,,ok
Q11316059,TAKEO KIKUCHI,TAKEO KIKUCHI - Topic,+20%,+6%,,,ok
Q16938284,Metro Shoes,Metro Shoes - Topic (wordmark),+30%,+40%,,,ok
Q4850707,Baleno,Baleno - Topic (wordmark),+90%,+350%,,,ok
Q5349364,Eileen Fisher,Eileen Fisher Inc - Store chain (company),+400%,+300%,,,ok
Q43080895,sacai,Sacai - Fashion brand,-3%,-20%,,,ok
Q6786255,Matches Fashion,Matches Fashion - Online shopping company,-3%,-70%,,,ok
Q5086126,Charlotte Russe,Charlotte Russe - Store chain (company),-1%,-6%,,,ok
Q1136537,Costume National,Costume National - Company,+50%,-30%,,,ok
Q7499960,ShoeDazzle,ShoeDazzle - Company,+30%,-40%,,,ok
Q1810141,WESC,WeSC - Company,>5000 (breakout),>5000 (breakout),,,ok
Q125191429,Ladies,,,,,,no-data
Q22032349,Wood Wood,Wood Wood - Topic (wordmark),0%,0%,,,ok
Q125705303,Fix,,,,,,no-data
Q64852777,Beer,,,,,,no-data
Q7456144,Sessions,,,,,,no-data
Q3157513,Jacob,,,,,,no-data
Q138486466,Shukr,SHUKR - Topic (wordmark),>5000 (breakout),>5000 (breakout),,,ok
Q2872152,Australian,Australian - Topic (wordmark),-3%,-30%,,,ok
Q12340378,VILA,VILA - Topic (wordmark),+300%,+900%,,,ok
Q10443115,Carlings,Carlings AS - Company,+4%,-4%,,,ok
Q2121887,Polo Ralph Lauren,Ralph Lauren Corporation - Fashion company,+5%,-5%,,,ok
Q115517249,Tu,Tu Clothing - Topic (wordmark),+80%,-20%,,,ok
Q7866331,USC,USC - Store chain,+20%,+4%,,,ok
Q85761879,Frame,Frame LA Brands LLC - Company,+250%,+300%,,,ok
Q11072650,Swear,SWEAR - Topic (wordmark),>5000 (breakout),>5000 (breakout),,,ok
Q4941440,Bonds,Bonds - Clothing chain,-20%,-50%,,,ok
Q1719431,Schmid,,,,,,no-data
Q5175717,Cotton On,Cotton On - Company,+60%,>5000 (breakout),,,ok
Q109906064,Sleeper,Sleeper - Topic (wordmark),+300%,-10%,,,ok
Q107481263,Bode,Bode - Topic (wordmark),-20%,+2%,,,ok
Q20714032,Seraphine,Seraphine - Design chain,+60%,-20%,,,ok
Q20987378,Barefoot,Barefoot - Topic (wordmark),+10%,+9%,,,ok
Q7740985,The Hundreds,The Hundreds - Topic (wordmark),-30%,-20%,,,ok
Q125206509,Patta,Patta - Topic (wordmark),-20%,-6%,,,ok
Q6793571,Maurices,Maurices - Store chain,+30%,+10%,,,ok
Q7197417,Piping Hot,Piping Hot Australia - Topic (wordmark),>5000 (breakout),>5000 (breakout),,,ok
Q132531889,Alé,Alé Cycling - Topic (wordmark),>5000 (breakout),>5000 (breakout),,,ok
Q72982331,Francesca's,Francesca's - Topic (wordmark),-20%,-70%,,,ok
Q3146711,IKKS,IKKS - Company,-50%,+500%,,,ok
Q11297188,Kapital,KAPITAL - Topic (wordmark),-2%,+1%,,,ok
Q119149859,Kapital,KAPITAL - Topic (wordmark),-2%,+1%,,,ok
Q115804691,Volcano,Volcano - Topic (wordmark),0%,>5000 (breakout),,,ok
Q5618229,Gump's,Gump's - Topic (wordmark),>5000 (breakout),-30%,,,ok
Q25351738,Joules,Joules - Clothing chain,-2%,-1%,,,ok
Q108582148,Good American,Good American - Company,+130%,-100%,,,ok
Q9171569,Big Star,Big Star - Topic (wordmark),-3%,-20%,,,ok
Q15263093,IRFE,IRFE - Design chain,>5000 (breakout),>5000 (breakout),,,ok
Q3497483,Emporio Armani,Armani - Topic,+2%,-60%,,,ok
Q2422884,American Vintage,American Vintage - Company,-4%,-70%,,,ok
Q6192383,Jigsaw,Jigsaw - Topic (wordmark),-20%,-7%,,,ok
Q136502973,Volt,Volt Fashion Sverige - Topic (wordmark),+250%,>5000 (breakout),,,ok
Q5324709,EXR,EXR - Topic,+180%,>5000 (breakout),,,ok
Q10461856,Crocker,,,,,,no-data
Q28042940,Orchestra,Orchestra Prémaman - Company,+30%,-10%,,,ok
Q7432952,Schuh,Schuh - Store chain,+20%,-70%,,,ok
Q8041451,X-Large,XLARGE - Topic (wordmark),-7%,-20%,,,ok
Q6166759,Jay Jays,Jay Jays - Company,-10%,-70%,,,ok
Q125230974,James Perse,James Perse - Topic (wordmark),-20%,-20%,,,ok
Q2956351,Chantelle,Chantelle - Topic (wordmark),+50%,+20%,,,ok
Q55748823,garment factory,,,,,,no-data
Q5506939,Fuchsia,,,,,,no-data
Q16648226,Women'secret,Women'secret - Topic (wordmark),-30%,-8%,,,ok
Q28401216,Sunski,Sunski - Apparel company,-10%,n/a,,,ok
Q104890420,Just Over the Top,Just Over the Top - Company,-70%,>5000 (breakout),,,ok
Q11993725,Oleana,OLEANA - Topic (wordmark),0%,0%,,,ok
Q6316068,Just Jeans,Just Jeans - Topic (wordmark),-10%,-80%,,,ok
Q55205917,Best Company,Best Company - Topic,>5000 (breakout),>5000 (breakout),,,ok
Q11236730,Niko and...,Niko and... - Topic (wordmark),+20%,+5%,,,ok
Q3401000,Nalini,Nalini - Topic,>5000 (breakout),n/a,,,ok
Q115310947,Terminal X,Terminal X - Topic,+10%,-5%,,,ok
Q130705749,Assem,Assem - Company,+20%,+550%,,,ok
Q2290173,Sirri,Sirri - Topic,>5000 (breakout),>5000 (breakout),,,ok
Q107394070,Number (N)ine,Number Nine - Topic,0%,0%,,,ok
Q945463,Bonia,Bonia - Retail company,+20%,-50%,,,ok
Q3439593,Cubus,Cubus - Chain,+8%,-1%,,,ok
Q3012602,Damart,Damart - Company,-5%,-2%,,,ok
Q7553581,Soffe,Soffe - Clothing retail company,>5000 (breakout),>5000 (breakout),,,ok
Q3305660,Tailored Brands,Tailored Brands - Store chain (company),+400%,-10%,,,ok
Q125660181,Kaporal,KAPORAL - Topic (wordmark),0%,0%,,,ok
Q7642242,Super Champion,Super Champion - Topic,0%,0%,,,ok
Q6187356,Jessica McClintock,,,,,,no-data
Q6908680,Moosejaw,Moosejaw - Topic (wordmark),+160%,-60%,,,ok
Q28056374,Tezenis,Tezenis - Topic,-40%,-6%,,,ok
Q2903774,Gottex,Gottex - Company,>5000 (breakout),>5000 (breakout),,,ok
Q1072452,Chiemsee,Chiemsee - Topic,-20%,-30%,,,ok
Q6414100,Kinney Shoes,,,,,,no-data
Q307894,2(x)ist,2(X)IST - Topic,+130%,+130%,,,ok
Q110225120,Max Mara Fashion Group,Max Mara - Fashion company,+20%,+20%,,,ok
Q3299151,Matix,Matix - Company,>5000 (breakout),>5000 (breakout),,,ok
Q7111938,Outdoor Research,Outdoor Research - Topic,-10%,-20%,,,ok
Q18636419,The Elder Statesman,The Elder Statesman - Brand,+500%,+100%,,,ok
Q13657207,Padini,Padini - Apparel company,+8%,-30%,,,ok
Q4950452,Boutique La Vie en rose,,,,,,no-data
Q86327186,GHOST-Bikes,Ghost Bikes - Topic (wordmark),0%,0%,,,ok
Q55097814,Viyella,,,,,,no-data
Q111283880,Anine Bing,,,,,,no-data
Q131673087,Moose Knuckles,Moose Knuckles - Topic,>5000 (breakout),>5000 (breakout),,,ok
Q109825187,Boot Barn,,,,,,no-data
Q96657862,Yeezy Gap,Yeezy Gap - Topic,+50%,-60%,,,ok
Q6209926,Joe Fresh,Joe Fresh - Topic,+40%,+40%,,,ok
Q86682767,Sézane,,,,,,no-data
Q7994858,White House Black Market,White House Black Market - Topic,-6%,-20%,,,ok
Q19903688,Target Optical,Target Optical - Retail company,-4%,+1800%,,,ok
Q119056161,F. Engel,,,,,,no-data
Q28857986,Lorna Jane,Lorna Jane - Retail-store company,+40%,+1300%,,,ok
Q5298588,Dorothy Perkins,Dorothy Perkins - Fashion company,-50%,-40%,,,ok
Q7500007,Shoe Carnival,Shoe Carnival - Retail company,-10%,-30%,,,ok
Q18390679,Robert Graham,,,,,,no-data
Q5392021,IC Group,IC Group - Company,>5000 (breakout),>5000 (breakout),,,ok
Q115799492,Falguni Shane Peacock,,,,,,no-data
Q140069588,Dorko,,,,,,no-data
Q7654224,Sweaty Betty,,,,,,no-data
Q94776153,PME Legend,,,,,,no-data
Q5142575,Coldwater Creek,Coldwater Creek - Clothing company,+10%,-20%,,,ok
Q16850757,J Brand,,,,,,no-data
Q17109937,Rack Room Shoes,,,,,,no-data
Q18636520,Dolls Kill,Dolls Kill - Online retail company,+30%,+4%,,,ok
Q5024439,Calvin Klein Collection,,,,,,no-data
Q6268615,Johnston & Murphy,Johnston & Murphy - Footwear company,+6%,+900%,,,ok
Q16985816,C. Wonder,,,,,,no-data
Q2860764,Ardène,Ardene - Topic (wordmark),-10%,-5%,,,ok
Q125995969,The Attico,The Attico - Topic (wordmark),-20%,-30%,,,ok
